{"cameraMode":{"drawMode":0,"name":"Shaded","section":"Shading Mode"},"sceneLighting":false,"audioPlay":false,"sceneViewState":{"showFog":true,"showMaterialUpdate":false,"showSkybox":false,"showFlares":true,"showImageEffects":true,"showParticleSystems":true},"in2DMode":false,"pivot":{"x":0.33700335025787356,"y":1.1846637725830079,"z":-0.5854684114456177},"rotation":{"x":-0.1148572564125061,"y":0.24527238309383393,"z":-0.029278654605150224,"w":-0.9621812105178833},"size":0.5711449384689331,"orthographic":false}